{"version":0,"notes":{"root":{"data":{"id":"root","title":"root","desc":"","updated":1605266684036,"created":1595961348801,"custom":{},"fname":"root","type":"note","vault":{"fsPath":".","selfContained":true,"name":"Dendron"},"contentHash":"b49e7e13a0c91addc8ab9ef97080cf1e","links":[],"anchors":{},"children":[],"parent":null,"data":{}},"hash":"b49e7e13a0c91addc8ab9ef97080cf1e"},"tutorial":{"data":{"id":"c1bs7wsjfbhb0zipaywqv1","title":"Tutorial","desc":"","updated":1658931733078,"created":1654223767390,"currentStep":0,"totalSteps":0,"custom":{"currentStep":0,"totalSteps":0},"fname":"tutorial","type":"note","vault":{"fsPath":".","selfContained":true,"name":"Dendron"},"contentHash":"35465334039ba0d581fd2b0984e19c5a","links":[{"type":"wiki","from":{"fname":"tutorial","id":"c1bs7wsjfbhb0zipaywqv1","vaultName":"Dendron"},"value":"tutorial.one","position":{"start":{"line":61,"column":9,"offset":2424},"end":{"line":61,"column":25,"offset":2440},"indent":[]},"xvault":false,"sameFile":false,"to":{"fname":"tutorial.one"}},{"type":"wiki","from":{"fname":"tutorial","id":"c1bs7wsjfbhb0zipaywqv1","vaultName":"Dendron"},"value":"tutorial","position":{"start":{"line":65,"column":134,"offset":2762},"end":{"line":65,"column":146,"offset":2774},"indent":[]},"xvault":false,"sameFile":false,"to":{"fname":"tutorial"}}],"anchors":{"create-a-note":{"type":"header","text":"Create a Note","value":"create-a-note","line":14,"column":0,"depth":2},"find-a-note":{"type":"header","text":"Find a Note","value":"find-a-note","line":25,"column":0,"depth":2},"organize-your-notes":{"type":"header","text":"Organize your Notes","value":"organize-your-notes","line":36,"column":0,"depth":2},"create-a-link":{"type":"header","text":"Create a link","value":"create-a-link","line":47,"column":0,"depth":2},"navigate-a-link":{"type":"header","text":"Navigate a link","value":"navigate-a-link","line":59,"column":0,"depth":2},"refactor-a-note":{"type":"header","text":"Refactor a Note","value":"refactor-a-note","line":67,"column":0,"depth":2},"conclusion":{"type":"header","text":"Conclusion","value":"conclusion","line":76,"column":0,"depth":2},"next-steps":{"type":"header","text":"Next Steps","value":"next-steps","line":82,"column":0,"depth":2},"community":{"type":"header","text":"Community","value":"community","line":104,"column":0,"depth":2}},"children":[],"parent":null,"data":{}},"hash":"35465334039ba0d581fd2b0984e19c5a"},"deepnaut.spec":{"data":{"custom":{},"fname":"deepnaut.spec","type":"note","vault":{"fsPath":".","selfContained":true,"name":"Dendron"},"contentHash":"ea87f9ebf88557d451296cbd3a47892c","updated":1760051703568,"created":1760051703568,"id":"rhks9ufm74any5iiw6zwzan","desc":"","links":[{"type":"wiki","from":{"fname":"deepnaut.spec","id":"rhks9ufm74any5iiw6zwzan","vaultName":"Dendron"},"value":"deepnaut.dev.daily.2025-10-09","position":{"start":{"line":3,"column":3,"offset":19},"end":{"line":3,"column":36,"offset":52},"indent":[]},"xvault":false,"sameFile":false,"to":{"fname":"deepnaut.dev.daily.2025-10-09"}},{"type":"wiki","from":{"fname":"deepnaut.spec","id":"rhks9ufm74any5iiw6zwzan","vaultName":"Dendron"},"value":"deepnaut.ops.chat.2025-10-09","position":{"start":{"line":4,"column":3,"offset":55},"end":{"line":4,"column":35,"offset":87},"indent":[]},"xvault":false,"sameFile":false,"to":{"fname":"deepnaut.ops.chat.2025-10-09"}},{"type":"wiki","from":{"fname":"deepnaut.spec","id":"rhks9ufm74any5iiw6zwzan","vaultName":"Dendron"},"value":"deepnaut.dev.design","position":{"start":{"line":26,"column":3,"offset":422},"end":{"line":26,"column":26,"offset":445},"indent":[]},"xvault":false,"sameFile":false,"to":{"fname":"deepnaut.dev.design"}},{"type":"wiki","from":{"fname":"deepnaut.spec","id":"rhks9ufm74any5iiw6zwzan","vaultName":"Dendron"},"value":"deepnaut.dev.impl.stream_microbatch","position":{"start":{"line":27,"column":3,"offset":448},"end":{"line":27,"column":42,"offset":487},"indent":[]},"xvault":false,"sameFile":false,"to":{"fname":"deepnaut.dev.impl.stream_microbatch"}},{"type":"wiki","from":{"fname":"deepnaut.spec","id":"rhks9ufm74any5iiw6zwzan","vaultName":"Dendron"},"value":"deepnaut.dev.daily.2025-10-09","position":{"start":{"line":28,"column":3,"offset":490},"end":{"line":28,"column":36,"offset":523},"indent":[]},"xvault":false,"sameFile":false,"to":{"fname":"deepnaut.dev.daily.2025-10-09"}},{"type":"wiki","from":{"fname":"deepnaut.spec","id":"rhks9ufm74any5iiw6zwzan","vaultName":"Dendron"},"value":"deepnaut.ops.chat.2025-10-09","position":{"start":{"line":29,"column":3,"offset":526},"end":{"line":29,"column":35,"offset":558},"indent":[]},"xvault":false,"sameFile":false,"to":{"fname":"deepnaut.ops.chat.2025-10-09"}},{"type":"wiki","from":{"fname":"deepnaut.spec","id":"rhks9ufm74any5iiw6zwzan","vaultName":"Dendron"},"value":"deepnaut.ops.todo","position":{"start":{"line":30,"column":3,"offset":561},"end":{"line":30,"column":24,"offset":582},"indent":[]},"xvault":false,"sameFile":false,"to":{"fname":"deepnaut.ops.todo"}},{"type":"wiki","from":{"fname":"deepnaut.spec","id":"rhks9ufm74any5iiw6zwzan","vaultName":"Dendron"},"value":"deepnaut.ops.log.changes","position":{"start":{"line":31,"column":3,"offset":585},"end":{"line":31,"column":31,"offset":613},"indent":[]},"xvault":false,"sameFile":false,"to":{"fname":"deepnaut.ops.log.changes"}}],"anchors":{"deepnaut-開発仕様":{"type":"header","text":"DeepNaut 開発仕様","value":"deepnaut-開発仕様","line":7,"column":0,"depth":1},"title-deepnaut-開発仕様":{"type":"header","text":"title: DeepNaut 開発仕様","value":"title-deepnaut-開発仕様","line":12,"column":0,"depth":2},"deepnaut-開発仕様概要":{"type":"header","text":"DeepNaut 開発仕様（概要）","value":"deepnaut-開発仕様概要","line":15,"column":0,"depth":1},"システム構成":{"type":"header","text":"システム構成","value":"システム構成","line":17,"column":0,"depth":2},"運用ルール":{"type":"header","text":"運用ルール","value":"運用ルール","line":24,"column":0,"depth":2},"主要ノート":{"type":"header","text":"主要ノート","value":"主要ノート","line":31,"column":0,"depth":2}},"children":[],"parent":null,"data":{},"title":"Spec"},"hash":"ea87f9ebf88557d451296cbd3a47892c"},"deepnaut.dev.design":{"data":{"title":"設計思想","custom":{},"fname":"deepnaut.dev.design","type":"note","vault":{"fsPath":".","selfContained":true,"name":"Dendron"},"contentHash":"0d1cba0180353a8240a7afb65981f25c","updated":1760045529492,"created":1760045529492,"id":"yoqpq154wzikkmy1hy9i2ve","desc":"","links":[],"anchors":{"deepnaut-設計思想":{"type":"header","text":"DeepNaut 設計思想","value":"deepnaut-設計思想","line":8,"column":0,"depth":1},"基本方針":{"type":"header","text":"基本方針","value":"基本方針","line":10,"column":0,"depth":2},"特徴量設計":{"type":"header","text":"特徴量設計","value":"特徴量設計","line":15,"column":0,"depth":2},"アーキテクチャ":{"type":"header","text":"アーキテクチャ","value":"アーキテクチャ","line":20,"column":0,"depth":2},"今後の拡張":{"type":"header","text":"今後の拡張","value":"今後の拡張","line":30,"column":0,"depth":2}},"children":[],"parent":null,"data":{}},"hash":"0d1cba0180353a8240a7afb65981f25c"},"deepnaut.ops.todo":{"data":{"title":"未完タスク","custom":{},"fname":"deepnaut.ops.todo","type":"note","vault":{"fsPath":".","selfContained":true,"name":"Dendron"},"contentHash":"8ac5b0dd350e7680e419b59e8f32dfbf","updated":1760045529513,"created":1760045529513,"id":"isgettnt68k09vut04iz5r9","desc":"","links":[],"anchors":{"未完タスク一覧":{"type":"header","text":"未完タスク一覧","value":"未完タスク一覧","line":8,"column":0,"depth":1},"優先度-高":{"type":"header","text":"優先度 高","value":"優先度-高","line":10,"column":0,"depth":2},"優先度-中":{"type":"header","text":"優先度 中","value":"優先度-中","line":14,"column":0,"depth":2},"優先度-低":{"type":"header","text":"優先度 低","value":"優先度-低","line":19,"column":0,"depth":2}},"children":[],"parent":null,"data":{}},"hash":"8ac5b0dd350e7680e419b59e8f32dfbf"},"deepnaut.dev.daily.2025-10-09":{"data":{"title":"開発日誌 2025-10-09","custom":{},"fname":"deepnaut.dev.daily.2025-10-09","type":"note","vault":{"fsPath":".","selfContained":true,"name":"Dendron"},"contentHash":"ca6ebf76b1418c8a5711c411e9ec251f","updated":1760045529535,"created":1760045529536,"id":"uxrq5bpkqrw5fz1jjsbu5xf","desc":"","links":[],"anchors":{"開発日誌2025-10-09":{"type":"header","text":"開発日誌（2025-10-09）","value":"開発日誌2025-10-09","line":8,"column":0,"depth":1},"目的":{"type":"header","text":"目的","value":"目的","line":10,"column":0,"depth":2},"実行内容":{"type":"header","text":"実行内容","value":"実行内容","line":13,"column":0,"depth":2},"結果":{"type":"header","text":"結果","value":"結果","line":20,"column":0,"depth":2},"気づき課題":{"type":"header","text":"気づき・課題","value":"気づき課題","line":25,"column":0,"depth":2},"次回アクション":{"type":"header","text":"次回アクション","value":"次回アクション","line":29,"column":0,"depth":2}},"children":[],"parent":null,"data":{}},"hash":"ca6ebf76b1418c8a5711c411e9ec251f"},"deepnaut.dev.impl.stream_microbatch":{"data":{"title":"stream_microbatch 実装メモ","custom":{},"fname":"deepnaut.dev.impl.stream_microbatch","type":"note","vault":{"fsPath":".","selfContained":true,"name":"Dendron"},"contentHash":"8ef7dfc04f1a479149e7a9eedbc082a2","updated":1760045529556,"created":1760045529556,"id":"dkgnky2a6agoykbinwqijba","desc":"","links":[],"anchors":{"stream_microbatchpy-実装メモ":{"type":"header","text":"stream_microbatch.py 実装メモ","value":"stream_microbatchpy-実装メモ","line":8,"column":0,"depth":1},"目的":{"type":"header","text":"目的","value":"目的","line":10,"column":0,"depth":2},"主な更新点2025-10-09":{"type":"header","text":"主な更新点（2025-10-09）","value":"主な更新点2025-10-09","line":13,"column":0,"depth":2},"実行順序":{"type":"header","text":"実行順序","value":"実行順序","line":18,"column":0,"depth":2},"ログ":{"type":"header","text":"ログ","value":"ログ","line":24,"column":0,"depth":2},"次回改善":{"type":"header","text":"次回改善","value":"次回改善","line":29,"column":0,"depth":2}},"children":[],"parent":null,"data":{}},"hash":"8ef7dfc04f1a479149e7a9eedbc082a2"},"deepnaut.ops.chat.2025-10-09":{"data":{"title":"チャット引継ぎメモ 2025-10-09","custom":{},"fname":"deepnaut.ops.chat.2025-10-09","type":"note","vault":{"fsPath":".","selfContained":true,"name":"Dendron"},"contentHash":"023056b52c045754f2b6319b6948aef5","updated":1760045529580,"created":1760045529580,"id":"dyhuf0qkqb1zmqnhzcjtlhq","desc":"","links":[],"anchors":{"チャット引継ぎメモ2025-10-09":{"type":"header","text":"チャット引継ぎメモ（2025-10-09）","value":"チャット引継ぎメモ2025-10-09","line":8,"column":0,"depth":1},"前回までの決定事項":{"type":"header","text":"前回までの決定事項","value":"前回までの決定事項","line":10,"column":0,"depth":2},"現状の成果":{"type":"header","text":"現状の成果","value":"現状の成果","line":17,"column":0,"depth":2},"次チャットで行うこと":{"type":"header","text":"次チャットで行うこと","value":"次チャットで行うこと","line":21,"column":0,"depth":2},"備考":{"type":"header","text":"備考","value":"備考","line":26,"column":0,"depth":2}},"children":[],"parent":null,"data":{}},"hash":"023056b52c045754f2b6319b6948aef5"},"deepnaut.ops.log.changes":{"data":{"title":"変更履歴","custom":{},"fname":"deepnaut.ops.log.changes","type":"note","vault":{"fsPath":".","selfContained":true,"name":"Dendron"},"contentHash":"2ebf70f743e0f0c202dd3e421ed12b7f","updated":1760045529597,"created":1760045529597,"id":"jexgn32xu3rkubovifudwah","desc":"","links":[],"anchors":{"変更履歴主要差分":{"type":"header","text":"変更履歴（主要差分）","value":"変更履歴主要差分","line":8,"column":0,"depth":1}},"children":[],"parent":null,"data":{}},"hash":"2ebf70f743e0f0c202dd3e421ed12b7f"}}}
